{"cameraMode":{"drawMode":0,"name":"Shaded","section":"Shading Mode"},"sceneLighting":false,"audioPlay":false,"sceneViewState":{"showFog":true,"showMaterialUpdate":false,"showSkybox":false,"showFlares":true,"showImageEffects":true,"showParticleSystems":true},"in2DMode":false,"pivot":{"x":-2.654334306716919,"y":2.0434956550598146,"z":-13.58353042602539},"rotation":{"x":0.16385233402252198,"y":-0.7245250344276428,"z":0.6435906887054443,"w":0.1844531148672104},"size":1.7241086959838868,"orthographic":false}