{"cameraMode":{"drawMode":0,"name":"Shaded","section":"Shading Mode"},"sceneLighting":false,"audioPlay":false,"sceneViewState":{"m_AlwaysRefresh":false,"showFog":true,"showSkybox":false,"showFlares":true,"showImageEffects":true,"showParticleSystems":true,"showVisualEffectGraphs":true,"m_FxEnabled":true},"in2DMode":false,"pivot":{"x":1.7883599996566773,"y":1.580737590789795,"z":-5.663176536560059},"rotation":{"x":0.33310577273368838,"y":-0.10940176993608475,"z":0.038944877684116366,"w":0.9357187151908875},"size":3.004131317138672,"orthographic":false}